<?xml version="1.0"?>
<ScriptManifest xmlns:xsd="http://www.w3.org/2001/XMLSchema" xmlns:xsi="http://www.w3.org/2001/XMLSchema-instance">
  <ScriptSource>
    <SourceName>Git</SourceName>
    <FileBased>true</FileBased>
  </ScriptSource>
  <Scripts>
    <ScriptManifestEntry>
      <Id>Update Documents index names to match naming conventions.sql</Id>
      <Location>Update Documents index names to match naming conventions.sql</Location>
      <Owner />
      <OwnerEmail />
    </ScriptManifestEntry>
  </Scripts>
</ScriptManifest>